Sacha,sweedon0@economist.com,2022-03-30,false
Valli,vmattam1@biblegateway.com,2022-10-19,false
Bella,bfranca2@soundcloud.com,2022-01-16,false
Mariana,mpigden3@wp.com,2021-11-30,true
Sallee,srobottham4@pbs.org,2022-09-27,true
Batholomew,bwalburn5@europa.eu,2022-04-20,false
Kare,kgianilli6@hp.com,2022-06-26,true
Corny,cbidwell7@bigcartel.com,2022-04-04,false
Arel,aclougher8@hubpages.com,2022-08-08,false
Elizabet,elinklet9@webs.com,2022-01-13,true
Gloria,ghayhursta@uol.com.br,2021-10-27,true
Casi,ccornilb@51.la,2022-03-13,false
Freda,fprewerc@nationalgeographic.com,2022-07-28,true
Jermain,jlandred@myspace.com,2022-08-23,false
Zelma,zscotneye@ycombinator.com,2022-08-07,false
Hinda,hdacostaf@ycombinator.com,2021-12-21,false
Erika,elewishamg@symantec.com,2022-01-26,true
Ceil,cstockerh@addthis.com,2022-03-01,false
Ardisj,astablei@fastcompany.com,2022-04-26,false
Jaimie,jbattlej@pinterest.com,2022-08-25,true
Husein,hantonellik@icio.us,2021-12-25,false
Kean,ksurmeyerl@elpais.com,2022-08-26,false
Curry,cplanksm@cloudflare.com,2022-08-27,false
Gaylord,gbroseniusn@icio.us,2022-01-27,false
Ruth,rsultero@opera.com,2021-12-27,false
Remy,rdennesp@discuz.net,2022-08-04,true
Margo,mblakemoreq@blogger.com,2021-11-06,true
Thor,tbunneyr@digg.com,2022-10-16,true
Barnabe,batwels@weibo.com,2022-01-18,false
Creighton,cbrabbst@aboutads.info,2022-08-30,true
Monro,mpeeu@hud.gov,2022-02-05,false
Benedicta,bcondyv@tmall.com,2022-07-04,false
Elsworth,ekrzysztofiakw@biblegateway.com,2022-05-09,false
Darnell,dolensbyx@independent.co.uk,2022-05-04,true
Gery,gshaldersy@china.com.cn,2022-07-31,true
Wang,wdevonsz@ox.ac.uk,2022-07-05,false
Vance,vmorch10@so-net.ne.jp,2022-03-19,true
Creight,ccasiero11@yahoo.com,2021-11-19,true
Aaron,amorriarty12@acquirethisname.com,2021-11-10,true
Ruthy,rwanless13@so-net.ne.jp,2022-10-15,true
Gwen,gdepke14@yahoo.com,2022-10-15,false
Evangelin,eruddle15@pagesperso-orange.fr,2022-06-10,true
Carena,cdunklee16@nydailynews.com,2022-04-13,false
Brittaney,bsumers17@webnode.com,2022-05-24,false
Shelagh,snesterov18@nps.gov,2022-06-15,true
Fransisco,frappa19@theatlantic.com,2022-06-15,false
Leonid,lthynne1a@flavors.me,2022-06-14,false
Chane,ccrutch1b@webs.com,2021-12-08,true
Eleonora,ebenzi1c@yelp.com,2021-11-22,false
Lonni,lmclafferty1d@examiner.com,2022-08-06,false
Inessa,ifereday1e@sitemeter.com,2022-05-27,false
Melita,msimonini1f@usatoday.com,2022-05-26,false
Costanza,cogilvie1g@odnoklassniki.ru,2022-07-22,true
Zechariah,zroyson1h@rediff.com,2022-08-14,true
Jeannie,jfilippi1i@hugedomains.com,2022-06-14,true
Darell,dwethers1j@eventbrite.com,2022-10-03,true
Arly,ahaythornthwaite1k@nymag.com,2021-12-31,true
Sallyanne,slowy1l@technorati.com,2022-02-12,false
Karyl,kbemlott1m@opensource.org,2022-01-07,true
Odella,opfertner1n@clickbank.net,2022-08-06,true
Hamil,hskeermor1o@goo.ne.jp,2021-12-07,false
Bernelle,bshoulder1p@wisc.edu,2022-05-02,false
Danielle,dbarrs1q@technorati.com,2022-09-27,true
Christi,crolfs1r@usatoday.com,2021-11-11,false
Stinky,sromayn1s@dyndns.org,2022-02-09,false
Rafi,rpitbladdo1t@ucoz.ru,2022-08-10,false
Eartha,eledbetter1u@prnewswire.com,2022-08-11,false
Elisha,ehambric1v@dropbox.com,2021-10-31,true
Melosa,mashbey1w@posterous.com,2022-03-31,false
Graehme,gkaradzas1x@yahoo.com,2022-01-13,true
Marve,mjerke1y@chronoengine.com,2021-11-12,true
Gustaf,gbrazer1z@aol.com,2021-12-03,true
Lanny,lbehnke20@alexa.com,2021-11-11,true
Maxy,mnewark21@is.gd,2022-09-01,false
Christoforo,cguerro22@nymag.com,2022-08-05,true
Brant,bpetrasch23@ibm.com,2021-12-28,false
Franciska,ffantini24@state.gov,2021-11-26,true
Cornelius,cdagless25@china.com.cn,2022-04-12,true
Deina,dbrechin26@stumbleupon.com,2022-02-02,true
Shirlee,ssnowsill27@tuttocitta.it,2021-11-12,false
Melvin,mbriereton28@mapy.cz,2022-10-15,false
Vidovik,vdickens29@pbs.org,2021-11-28,true
Tyrus,tletterick2a@ehow.com,2021-12-08,false
Chlo,cvandevelde2b@house.gov,2022-09-26,true
Anjanette,akunes2c@parallels.com,2022-01-21,false
Tadeas,tlasselle2d@yahoo.co.jp,2021-10-30,true
Ivory,itomley2e@sina.com.cn,2022-02-13,false
Kris,kkilgannon2f@sciencedirect.com,2022-02-20,false
Trina,tswaddle2g@sbwire.com,2022-07-11,false
Filia,fviel2h@pinterest.com,2022-06-08,false
Nettle,nmurby2i@jiathis.com,2022-09-06,false
Faun,fadrianello2j@wisc.edu,2021-11-29,false
Ariadne,aoleksiak2k@usatoday.com,2022-07-24,true
Jori,jveevers2l@hubpages.com,2021-11-21,true
Reider,rwheal2m@devhub.com,2022-10-22,true
Maxim,mbortoletti2n@drupal.org,2022-09-09,false
Sadella,sgander2o@addthis.com,2021-11-28,true
Rosy,rstolz2p@webs.com,2021-12-06,true
Cord,cianno2q@slashdot.org,2022-06-09,true
Read,rpierpoint2r@ibm.com,2022-07-15,false
Lorrie,lbysh2s@salon.com,2021-11-17,true
Dulce,dpedrol2t@usa.gov,2022-08-20,false
Sutherland,sfink2u@behance.net,2022-02-08,false
Evelin,eoldnall2v@goo.ne.jp,2022-06-18,true
Bernarr,bakess2w@naver.com,2022-07-28,false
Culley,cmcavey2x@paypal.com,2022-07-25,false
Jilli,jleverson2y@trellian.com,2021-12-19,false
Merridie,mvischi2z@ft.com,2022-07-30,false
Vida,vspofforth30@miitbeian.gov.cn,2022-03-11,true
Calli,clatehouse31@i2i.jp,2022-07-27,false
Chandal,cannon32@ihg.com,2022-08-31,false
Luce,lkemitt33@freewebs.com,2022-05-23,false
Nevil,njennions34@imageshack.us,2022-02-10,true
Inna,iwhitehall35@printfriendly.com,2022-07-17,true
Mikel,mpugsley36@paginegialle.it,2022-02-11,false
Hugues,hlate37@devhub.com,2021-11-17,true
Adelaida,aburns38@amazon.com,2022-04-13,false
Brannon,bpetrichat39@apache.org,2022-01-16,true
Lari,laverall3a@mashable.com,2022-07-11,true
Adham,aaxworthy3b@diigo.com,2022-08-13,true
Blair,bbreawood3c@lycos.com,2022-02-18,true
Risa,rblaes3d@desdev.cn,2022-05-18,true
Clarey,crampling3e@behance.net,2021-11-04,false
Garey,glewer3f@webmd.com,2022-04-22,true
Freedman,fcoventry3g@blogspot.com,2022-08-22,true
Kate,kberesfore3h@loc.gov,2022-09-10,false
Cristina,cquantrell3i@myspace.com,2022-01-29,true
Sayers,sprint3j@dailymotion.com,2021-10-25,false
Tulley,tgothup3k@exblog.jp,2022-06-08,true
Ricki,rbowskill3l@dot.gov,2022-01-24,true
Kellen,kinston3m@fda.gov,2022-09-02,false
Currie,cguy3n@amazonaws.com,2022-09-20,true
Dalila,dpegg3o@yolasite.com,2022-10-10,true
Donovan,dkestle3p@europa.eu,2021-11-02,false
Skylar,spulley3q@bbb.org,2022-01-04,true
Salome,splott3r@deviantart.com,2022-09-06,true
Matti,mmanoelli3s@privacy.gov.au,2022-08-14,false
Xena,xfriday3t@mlb.com,2022-03-10,true
Farleigh,flidierth3u@moonfruit.com,2022-07-10,true
Byram,bbuncom3v@webs.com,2022-04-22,true
Olivie,osalsberg3w@umn.edu,2022-01-05,false
Herta,hmoat3x@ibm.com,2022-07-15,false
Clarinda,cblaxter3y@ftc.gov,2022-02-11,true
Nat,nstaning3z@census.gov,2022-03-19,true
Roby,rdudliston40@wix.com,2022-02-15,false
Theda,tzavattero41@chicagotribune.com,2022-02-11,true
Verne,vkilbourn42@topsy.com,2022-08-07,true
Courtenay,cloos43@about.me,2021-12-24,false
Priscilla,pbowlas44@canalblog.com,2022-08-21,false
Torie,tcuthill45@archive.org,2022-03-12,true
Ethelbert,emccosker46@bloglovin.com,2022-01-15,false
Barry,bbraemer47@wired.com,2022-01-16,false
Tracey,tduxbarry48@time.com,2022-01-27,true
Clio,cedwicke49@businesswire.com,2021-12-02,false
Cecil,chearson4a@ameblo.jp,2022-08-09,true
Wait,watwood4b@timesonline.co.uk,2022-04-03,true
Frances,flassey4c@guardian.co.uk,2022-05-15,true
Marika,mdemars4d@w3.org,2022-06-17,true
Abbot,ayurshev4e@cam.ac.uk,2022-06-10,false
Tommy,tcabrales4f@mapy.cz,2022-09-25,true
Sid,sshakle4g@google.es,2022-06-07,false
Lydia,lcoltan4h@cnet.com,2021-10-25,false
Haslett,hpantone4i@1688.com,2022-02-27,true
Marcia,mlongman4j@ifeng.com,2022-03-25,false
Kinsley,kmccaffery4k@bizjournals.com,2021-12-03,true
Allys,acreebo4l@tmall.com,2022-08-04,true
Chris,ccruz4m@mozilla.org,2022-01-20,false
Jaime,jsaintsbury4n@wikispaces.com,2022-08-13,true
Eugenie,elandall4o@bluehost.com,2021-12-28,false
Dianne,dgershom4p@vistaprint.com,2022-07-08,true
Rena,rjosipovic4q@msu.edu,2022-01-24,false
Gamaliel,ghymus4r@flavors.me,2022-04-15,false
Bill,bskehan4s@auda.org.au,2021-10-27,true
Ronnica,rheath4t@t.co,2022-02-27,true
Chanda,cduplain4u@bandcamp.com,2022-10-16,true
Nydia,ntayler4v@kickstarter.com,2021-12-13,true
Baxy,bsalmond4w@usa.gov,2022-06-22,false
Clarette,csenett4x@issuu.com,2021-12-03,false
Wat,wlorans4y@slashdot.org,2022-02-17,false
Joleen,jsturridge4z@google.fr,2022-04-06,false
Jodie,jrizzone50@cnn.com,2022-10-17,true
Ferrel,fbulford51@tripadvisor.com,2022-10-14,true
Farra,fmcenery52@cbslocal.com,2022-09-14,false
Mollie,mduester53@cornell.edu,2022-01-29,true
Verene,vcass54@instagram.com,2022-04-21,false
Court,ccotgrave55@tumblr.com,2022-08-20,false
Clarinda,cfinlay56@washingtonpost.com,2022-02-07,true
Alonzo,abeaman57@vkontakte.ru,2022-02-16,false
Rancell,rashforth58@1und1.de,2022-04-10,false
Querida,qglanvill59@amazon.co.uk,2021-10-30,true
Clayton,ckeeley5a@bigcartel.com,2022-04-23,true
Erma,emebs5b@irs.gov,2022-02-22,true
Jodie,jferrige5c@com.com,2022-05-12,false
Cchaddie,condrich5d@cmu.edu,2022-10-20,false
Rafaela,rabrahamson5e@mozilla.org,2022-09-09,false
Napoleon,nhowis5f@go.com,2022-01-06,true
Merwyn,mschwartz5g@upenn.edu,2022-08-04,true
Aldric,ayounglove5h@amazon.com,2022-04-01,true
Say,sdefreyne5i@symantec.com,2022-08-08,false
Sarina,sfautly5j@archive.org,2022-05-06,true
Ruperta,rcasterou5k@qq.com,2022-08-27,false
Sidney,sbampforth5l@tripadvisor.com,2022-09-06,false
Davie,dcampo5m@arstechnica.com,2021-12-04,true
Rosamund,rboddymead5n@skype.com,2022-01-22,false
Duffy,dmauvin5o@arstechnica.com,2021-12-01,true
Barnabas,brolston5p@cnn.com,2021-11-03,false
Dru,dmourbey5q@gnu.org,2022-06-03,false
Lizzie,lburdytt5r@constantcontact.com,2021-11-10,false
Claudius,cfryett5s@chronoengine.com,2021-11-13,true
Shelia,sklainman5t@chronoengine.com,2022-09-18,false
Olav,omacbean5u@sitemeter.com,2021-11-25,true
Danya,dmcgauhy5v@amazon.co.uk,2022-08-29,false
Corliss,cklass5w@hc360.com,2022-09-23,false
Electra,elicciardi5x@mapy.cz,2022-01-25,true
Gabriela,gjedrzejewski5y@discuz.net,2022-05-30,false
Aurlie,agudd5z@last.fm,2022-10-19,true
Eric,eossipenko60@jugem.jp,2022-10-15,false
Danyette,dimpy61@chicagotribune.com,2022-05-24,false
Melvyn,mcapeling62@usa.gov,2022-04-28,false
Kimbell,kconroy63@discuz.net,2021-11-27,false
Shannen,sbosden64@cocolog-nifty.com,2022-03-12,false
Christye,crobathon65@unc.edu,2022-03-08,false
Arleen,afreire66@blogger.com,2022-05-26,false
Stu,sbaumford67@sfgate.com,2022-01-25,true
Sherwin,sjobbings68@webs.com,2022-03-18,false
Waylan,wafield69@tinypic.com,2022-01-19,false
Jacenta,jvanne6a@phpbb.com,2022-02-04,false
Katee,kboyack6b@fotki.com,2022-03-16,true
Vina,vmccaw6c@topsy.com,2021-11-11,true
Ina,irosenboim6d@sphinn.com,2022-05-09,true
Harmonie,hvineall6e@dyndns.org,2021-11-17,true
Levin,lturley6f@qq.com,2022-04-14,false
Justen,jaurelius6g@miibeian.gov.cn,2022-04-16,false
Dorey,dciccarelli6h@washington.edu,2022-04-11,false
Boyce,brosenstengel6i@samsung.com,2022-07-14,false
Tim,tcastelain6j@dion.ne.jp,2022-04-01,true
Stanly,ssouthway6k@seesaa.net,2021-12-02,true
Floyd,fpeatheyjohns6l@virginia.edu,2022-01-11,false
Vernor,vpascow6m@apple.com,2022-08-17,false
Rachel,rlismer6n@tamu.edu,2022-09-10,true
Ruperta,rdailey6o@cnbc.com,2022-05-05,false
Evanne,eovise6p@prnewswire.com,2021-12-20,true
Lois,lskey6q@google.es,2022-08-31,false
Trix,tgoing6r@imdb.com,2022-02-10,true
Bing,bpoacher6s@github.io,2021-11-02,false
Maggy,mdulen6t@ucsd.edu,2022-04-27,true
Viola,vcretney6u@ucoz.com,2021-12-15,true
Risa,rpietrasik6v@wix.com,2022-09-05,true
Pren,pearley6w@foxnews.com,2022-06-30,false
Virgil,vmarquiss6x@addtoany.com,2022-01-11,true
Valeria,vmaystone6y@wordpress.org,2022-10-06,true
Nolana,nconnal6z@about.com,2022-10-04,false
Jojo,jjeremaes70@japanpost.jp,2022-09-14,false
Felicle,fstorms71@timesonline.co.uk,2022-03-24,false
Dyan,dterlinden72@tiny.cc,2022-10-03,true
Wildon,walcido73@w3.org,2022-05-19,false
Worthy,wlanfear74@shinystat.com,2022-06-23,false
Evelyn,ezealander75@redcross.org,2022-03-19,true
Nicko,nbeesley76@reference.com,2022-10-19,false
Karilynn,kdunphie77@imageshack.us,2022-07-25,true
Murial,mmalyj78@sogou.com,2021-11-06,false
Guenevere,grailton79@wufoo.com,2022-08-01,false
Prudence,pbamlett7a@example.com,2022-01-28,false
Pebrook,pfitzsimons7b@e-recht24.de,2021-11-08,false
Gaby,glaughnan7c@bloglovin.com,2022-07-16,false
Corly,cfernley7d@yolasite.com,2021-12-06,true
Hanson,hfield7e@comsenz.com,2022-03-05,false
Latia,llefleming7f@yellowbook.com,2022-05-21,true
Hercules,hgoold7g@indiatimes.com,2022-01-06,true
Ondrea,otinniswood7h@hostgator.com,2022-01-06,true
Mikaela,mdruett7i@list-manage.com,2021-11-16,false
Jacquenette,jburnapp7j@usa.gov,2022-06-26,true
Clem,ckinane7k@exblog.jp,2022-06-09,false
Shannon,shartopp7l@biblegateway.com,2022-08-31,true
Rich,rgarvie7m@illinois.edu,2022-09-07,true
Danya,dswarbrick7n@prlog.org,2022-06-11,false
Rosalind,rviccars7o@e-recht24.de,2022-09-06,true
Gage,genrigo7p@scribd.com,2022-01-12,false
Hersh,hrameaux7q@utexas.edu,2021-12-10,false
Christy,cbruneton7r@shareasale.com,2022-04-18,true
Paolina,pbrager7s@nature.com,2022-06-22,false
Andy,acolledge7t@trellian.com,2021-12-27,true
Tonie,tbaudinelli7u@posterous.com,2022-08-08,true
Dreddy,dbrennand7v@alexa.com,2022-05-06,true
Nathaniel,nandreacci7w@cargocollective.com,2022-08-03,false
Giustino,gfitzhenry7x@answers.com,2022-09-27,true
Anetta,akyd7y@exblog.jp,2021-11-01,false
Francesco,faulsford7z@rambler.ru,2022-03-12,false
Reggy,rroubert80@geocities.jp,2022-04-29,true
Cairistiona,clittledyke81@mashable.com,2022-02-25,false
Shelden,sbengough82@ed.gov,2022-07-26,true
Arthur,astilldale83@a8.net,2022-02-15,true
Tamera,tlugsdin84@goo.ne.jp,2022-05-31,false
Colet,cvedstra85@princeton.edu,2021-11-09,false
Judy,jvasilevich86@cmu.edu,2022-05-22,false
Elbert,estithe87@phpbb.com,2022-08-12,true
Del,dswansborough88@ted.com,2022-03-21,false
Susannah,sharnwell89@businessinsider.com,2022-07-14,false
Keeley,kpilkinton8a@wikimedia.org,2022-02-02,true
Ermanno,edurdle8b@bandcamp.com,2022-08-28,false
Goraud,gthoumas8c@youtu.be,2022-09-19,false
Valerie,vadelsberg8d@cpanel.net,2021-12-25,true
Ralf,rweatherley8e@miibeian.gov.cn,2022-02-17,false
Roley,reuplate8f@oracle.com,2022-07-04,true
Ettie,eakam8g@amazon.com,2021-12-04,false
Malynda,mmolloy8h@techcrunch.com,2022-07-18,false
Randal,rdensie8i@engadget.com,2021-12-12,false
Aila,ascaddon8j@princeton.edu,2022-10-17,true
Danella,ddawltrey8k@craigslist.org,2022-06-27,false
Nealy,npavlenkov8l@japanpost.jp,2021-12-23,false
Dar,dlightbown8m@livejournal.com,2022-01-24,true
Burton,byurlov8n@ustream.tv,2022-08-18,false
Mallory,mgabites8o@telegraph.co.uk,2022-09-05,false
Lacey,lfasham8p@constantcontact.com,2022-07-15,true
Dom,dmccaw8q@java.com,2022-01-13,false
Mame,mcongdon8r@1und1.de,2022-06-12,false
Pandora,pyannoni8s@mayoclinic.com,2022-07-11,true
Gisele,gbroscombe8t@wiley.com,2022-02-24,false
Kynthia,kharrie8u@ifeng.com,2022-10-09,true
Arielle,afeldbau8v@123-reg.co.uk,2021-11-24,false
Agata,awell8w@berkeley.edu,2021-11-06,true
Ruby,rquaife8x@newsvine.com,2021-12-06,true
Cordie,cboyson8y@sitemeter.com,2022-02-11,false
Feodor,fblunsum8z@digg.com,2022-07-30,true
Aarika,adymott90@wordpress.org,2021-11-07,false
Merl,mbussons91@telegraph.co.uk,2021-10-27,true
Steward,sorrocks92@prlog.org,2022-06-02,true
Hyatt,hjackalin93@soup.io,2022-07-24,true
June,jshepeard94@mysql.com,2021-11-21,true
Farris,fgartsyde95@ibm.com,2022-05-17,false
Gustie,gcallinan96@virginia.edu,2022-01-15,true
Claus,cspyer97@economist.com,2022-05-20,true
Stanleigh,scapelin98@noaa.gov,2022-01-23,false
Danell,dkohrs99@1688.com,2022-07-05,true
Etienne,ekewley9a@pagesperso-orange.fr,2022-08-23,false
Garold,gbagnold9b@redcross.org,2022-04-02,true
Giffer,ggrancher9c@alexa.com,2022-01-24,false
Rubia,rbockman9d@usatoday.com,2022-02-10,false
Loralie,ltchir9e@va.gov,2021-12-25,false
Chloe,cneasham9f@wix.com,2022-05-02,false
Nahum,nsomerscales9g@google.com,2022-01-24,false
Darda,daiken9h@bravesites.com,2022-07-14,false
Lexi,ldebischop9i@dedecms.com,2021-11-11,false
Kim,kvickerstaff9j@twitter.com,2022-07-09,true
Basilius,blissaman9k@pagesperso-orange.fr,2022-04-28,true
Egor,ekaroly9l@jalbum.net,2021-11-21,false
Malory,mmcloney9m@infoseek.co.jp,2022-04-02,true
Maurise,mheatherington9n@who.int,2022-02-17,true
Ludovika,lhandrok9o@mashable.com,2022-05-28,false
Consalve,cmurie9p@51.la,2022-02-04,true
Joete,jdorkin9q@artisteer.com,2021-11-11,false
Evelin,ewhylie9r@ftc.gov,2022-05-09,true
Luce,liggalden9s@loc.gov,2022-08-28,true
Frazer,fliddiard9t@github.io,2022-06-04,false
Hermine,hangrick9u@moonfruit.com,2022-09-10,true
Conway,ceverwin9v@dmoz.org,2022-09-17,true
Ker,kcoit9w@1688.com,2022-07-31,false
Barnard,bcarryer9x@over-blog.com,2022-08-06,false
Felisha,fweight9y@usda.gov,2022-08-31,false
Korney,kdowgill9z@ftc.gov,2022-06-22,false
Pip,pdutteridgea0@etsy.com,2022-04-16,false
Jonell,jfermina1@altervista.org,2021-11-29,false
Sandi,seatttoka2@cisco.com,2022-08-03,true
Hedda,hriccardinia3@wsj.com,2022-01-02,false
Lavinia,loniona4@google.es,2022-03-25,true
Rosaleen,rmilletona5@bing.com,2022-05-13,false
Kial,klucaa6@ehow.com,2022-08-25,false
Parsifal,pmckinleya7@bigcartel.com,2022-01-20,false
Cooper,ctoffanoa8@mashable.com,2022-07-10,true
Roch,rizaca9@nhs.uk,2022-03-18,false
Florella,ftrebyaa@nbcnews.com,2022-03-23,false
Gianna,gloadesab@vistaprint.com,2022-07-08,false
Rickie,rpesterfieldac@rambler.ru,2022-02-07,false
Kiersten,kclarabutad@huffingtonpost.com,2021-10-25,true
Cathyleen,crutledgeae@ebay.co.uk,2021-11-02,true
Clare,chearnaf@who.int,2022-10-19,true
Babbette,brizzilloag@cnbc.com,2022-01-27,false
Dagny,dcrumleyah@nba.com,2022-04-28,false
Xever,xhiscoeai@mozilla.org,2022-06-25,true
Abdel,aduchartaj@canalblog.com,2021-11-22,false
Feodora,fkibbyeak@ucoz.ru,2022-10-13,true
Marlene,mkorfmannal@mayoclinic.com,2022-04-01,false
Guinna,gwildingam@utexas.edu,2022-02-28,true
Olly,ocreggan@google.co.uk,2022-01-10,true
Natale,nkorejsao@yolasite.com,2022-02-24,true
Skipp,scindereyap@nymag.com,2022-08-27,false
Antonella,athulbornaq@upenn.edu,2022-09-25,false
Benito,bstutardar@1und1.de,2021-10-25,true
Leigh,lberzenas@ustream.tv,2022-02-03,true
Hobie,hrontschat@aboutads.info,2022-03-05,false
Karil,kcookmanau@joomla.org,2022-09-18,true
Dickie,dsterrieav@fema.gov,2021-11-16,false
Ronna,rgeraldiniaw@purevolume.com,2021-12-23,false
Delly,dburkerax@1und1.de,2021-12-02,false
Alleyn,adelafielday@homestead.com,2022-09-18,false
Cort,cbullieraz@icio.us,2022-02-09,true
Colline,csimoniteb0@state.tx.us,2022-02-17,true
Josiah,jabraminob1@pbs.org,2021-11-25,true
Ilka,icherryholmeb2@hc360.com,2022-04-03,false
Nil,nwreakesb3@woothemes.com,2022-05-05,true
Louie,lkittob4@cbc.ca,2022-01-26,true
Lissa,lgouldieb5@go.com,2022-01-14,true
Waylan,wtwycrossb6@latimes.com,2022-06-03,false
Ruthy,rzylberdikb7@wikispaces.com,2022-03-19,true
Lyndy,lsissb8@blogspot.com,2022-10-13,true
Rogers,rbeckb9@google.com,2022-06-18,true
Shirley,ssimonotba@tmall.com,2022-06-11,true
Edita,eklimkovbb@netvibes.com,2022-08-08,true
Nikolaus,ngianullibc@csmonitor.com,2022-06-18,true
Currie,cbattistabd@bluehost.com,2022-10-09,false
Andie,adoxeybe@a8.net,2022-04-03,true
Aggi,adupreybf@eepurl.com,2022-08-13,true
Mozelle,mchallinerbg@sohu.com,2022-04-06,false
Tomas,tmacgraghbh@google.com.hk,2022-08-26,true
Ludvig,lzapaterbi@blog.com,2022-03-03,true
Toma,tbenchbj@ox.ac.uk,2022-08-20,true
Olympe,ocuredellbk@dailymail.co.uk,2021-12-18,true
Fulton,fthewlesbl@gnu.org,2022-09-17,false
Sasha,shairsnapebm@toplist.cz,2021-10-30,true
Cherlyn,cpressdeebn@youtu.be,2022-02-12,false
Florette,fabrahambo@symantec.com,2021-11-27,true
Rufe,rduhambp@miitbeian.gov.cn,2021-11-30,true
Hamilton,hotuohybq@unc.edu,2022-02-27,true
Mathian,mcollymorebr@people.com.cn,2021-11-17,false
Raynell,rvakhoninbs@google.ca,2022-09-10,true
Garrek,graphaelbt@scribd.com,2022-05-20,true
Rubetta,rwhittockbu@huffingtonpost.com,2021-12-10,false
Harmonia,hburmanbv@tinyurl.com,2022-07-24,true
Wilbert,wmatfieldbw@wisc.edu,2022-08-29,true
Red,rfontellesbx@de.vu,2022-02-20,false
Merry,mholbarrowby@fotki.com,2022-05-04,false
Elli,erobjentsbz@eventbrite.com,2022-09-10,false
Noam,ngrayerc0@blinklist.com,2022-10-20,false
Viva,vburtwhistlec1@squarespace.com,2021-11-07,false
Shirlee,sdwirec2@bbc.co.uk,2022-08-08,true
Mellie,mheildsc3@com.com,2022-07-03,false
Kyrstin,krosthornc4@live.com,2022-01-13,true
Ashly,afuscoc5@blinklist.com,2022-08-20,false
Eba,ebangerc6@ucsd.edu,2022-10-22,true
Leonelle,lwetterc7@technorati.com,2022-06-29,true
Alfonse,acanterac8@gnu.org,2022-06-16,true
Guntar,ggrevec9@biglobe.ne.jp,2022-07-26,false
Samson,ssircombeca@smh.com.au,2022-08-16,false
Denna,dtarrantcb@ycombinator.com,2022-04-26,false
Kali,kmellodeycc@yahoo.com,2022-05-17,true
Tawnya,tjambrozekcd@amazon.de,2022-01-12,false
Tabbi,tmollittce@businesswire.com,2022-03-11,true
Timmy,tfarguharcf@lycos.com,2022-09-09,true
Maryanna,mjobbcg@forbes.com,2022-10-09,false
Harrison,hmendoncach@goodreads.com,2022-04-07,false
Tuck,trandalesci@sun.com,2022-09-15,false
Kevina,kimmingscj@admin.ch,2022-08-30,false
Alli,aamberck@reverbnation.com,2022-10-15,true
Magdaia,mchasteaucl@wunderground.com,2022-07-21,false
Alano,amackisoncm@gmpg.org,2022-09-04,false
Hollis,htuerenacn@reddit.com,2022-07-03,false
Rena,rbettco@rediff.com,2022-01-29,false
Miller,mfarnancp@goodreads.com,2022-05-06,true
Albie,acastletoncq@sbwire.com,2022-01-08,true
Perry,pcordaroycr@shareasale.com,2022-09-15,true
Ula,umoxoncs@exblog.jp,2022-09-11,false
Jodie,jfullowayct@1688.com,2022-02-13,true
Alikee,abemlottcu@ask.com,2022-07-24,false
Ruperta,rdavidsoncv@wordpress.org,2022-02-03,false
Elisabetta,emacalroycw@economist.com,2021-10-30,false
Elvin,ebowsercx@reuters.com,2022-09-23,true
Davidson,dravenscroftcy@virginia.edu,2022-03-08,true
Davon,dkellcz@theglobeandmail.com,2022-06-01,false
Parker,pcandlishd0@odnoklassniki.ru,2022-01-14,true
Raul,rbanisterd1@census.gov,2022-04-30,false
Hedda,hdurranced2@themeforest.net,2022-01-15,true
Cordula,cposkittd3@bbb.org,2022-01-29,false
Dita,dpauld4@newyorker.com,2022-05-24,false
Meredith,mjaszczakd5@cisco.com,2022-04-09,false
Troy,toagd6@mac.com,2022-08-17,true
Karita,kbuddockd7@domainmarket.com,2022-09-24,true
Fredrika,fkinghd8@miitbeian.gov.cn,2022-08-10,false
Florrie,fgiordanod9@miibeian.gov.cn,2021-12-03,false
Sabina,sjuorioda@mail.ru,2022-07-24,false
Tani,tyarmouthdb@cnn.com,2022-07-20,false
Karole,kwandlessdc@ucla.edu,2022-09-11,true
Isa,idogedd@barnesandnoble.com,2022-07-10,true
Pen,pmcileende@github.io,2022-10-14,false
Annalise,adimaggiodf@newsvine.com,2022-08-21,true
Jaimie,jjimedg@addtoany.com,2022-05-13,true
Nerty,nnanettidh@pen.io,2022-06-17,true
Josias,jaikmandi@howstuffworks.com,2021-11-27,true
Maria,mdumbltondj@creativecommons.org,2022-03-20,false
Ezechiel,eedgettdk@alexa.com,2021-12-11,false
Osbert,odeexdl@odnoklassniki.ru,2022-10-04,true
Eldridge,edowsondm@prnewswire.com,2022-07-18,true
Tybie,trawnedn@usda.gov,2021-12-28,false
Leanora,ltocquevilledo@craigslist.org,2022-05-11,true
Ewen,esavaagedp@indiegogo.com,2022-03-30,false
Carlee,cscholerdq@ustream.tv,2022-01-14,false
Moise,mcrenagedr@skyrock.com,2022-06-14,true
Rochell,rshillittods@usnews.com,2021-12-19,true
Krystalle,kmountaindt@nyu.edu,2022-03-09,false
Vlad,vklausendu@nhs.uk,2022-08-18,false
Gilberto,ggilberthorpedv@nydailynews.com,2021-10-29,true
Jefferson,jisherwooddw@google.ca,2022-07-06,false
Marie,mtolchardx@freewebs.com,2021-11-20,true
Elaina,eciccarellidy@woothemes.com,2022-09-10,false
Farrel,fbenkodz@nymag.com,2022-04-22,true
Ari,asoppethe0@cdbaby.com,2022-02-13,false
Josi,jsirede1@hatena.ne.jp,2022-07-06,true
Rick,rconichiee2@people.com.cn,2022-03-10,false
Orelle,obiggine3@tinypic.com,2022-03-03,false
Kally,kruffe4@mlb.com,2022-05-29,false
Loni,lrockhalle5@spotify.com,2022-09-07,false
Teena,tbartkee6@shareasale.com,2021-11-15,false
Marco,mparkinse7@barnesandnoble.com,2022-02-04,true
Charissa,cwindrume8@yahoo.co.jp,2022-06-18,false
Sara-ann,soatene9@sourceforge.net,2022-01-15,true
Margaret,mwyllcockea@goodreads.com,2022-05-13,true
Stephan,smangineb@google.cn,2022-04-27,false
Mandi,mblondellec@hibu.com,2022-09-11,true
Vita,vbywatersed@buzzfeed.com,2022-08-30,true
Loren,lscapensee@upenn.edu,2021-12-05,true
Willetta,walisonef@i2i.jp,2022-05-24,true
Cammy,chellwigeg@bloglovin.com,2022-06-27,false
Shirlee,spetrushkevicheh@huffingtonpost.com,2022-07-26,true
Ora,ostanifordei@istockphoto.com,2021-12-16,true
Janis,jthyngej@cyberchimps.com,2022-07-05,true
Ronna,rgregoriek@discovery.com,2022-08-23,false
Lavinie,lohaganel@technorati.com,2022-07-15,true
Vyky,vbumphreyem@furl.net,2022-05-17,true
Quincy,qrunnetten@yandex.ru,2021-12-08,true
Neil,nranfieldeo@utexas.edu,2022-01-13,false
Phylis,pgosselinep@ft.com,2021-12-19,false
Chrystel,cwindruseq@sogou.com,2022-06-14,false
Karla,kjorioter@photobucket.com,2021-12-30,false
Gunar,ggametes@domainmarket.com,2022-08-23,false
Henrie,hburgisset@theglobeandmail.com,2022-10-08,true
Mandel,mdoyleyeu@oracle.com,2022-10-01,true
Daria,dplayfairev@mlb.com,2022-03-26,true
Sarette,sshirtew@cnbc.com,2022-05-25,true
Lelah,landererex@shareasale.com,2022-08-18,false
Serge,sdiniscoey@icio.us,2022-03-22,false
Sapphire,shalloranez@cafepress.com,2021-11-19,true
Linus,llathburyf0@sbwire.com,2022-03-12,true
Amelina,ayakebovitchf1@amazon.co.uk,2021-10-25,true
Brittaney,bdroghanf2@eepurl.com,2021-11-12,true
Gail,gpiniurf3@va.gov,2021-11-25,false
Gaylord,gmoppettf4@mozilla.org,2021-11-14,true
Michel,mvenneyf5@psu.edu,2022-04-22,true
Carney,cpasleyf6@taobao.com,2022-01-18,true
Aprilette,avennardf7@virginia.edu,2022-08-21,false
Nara,nbeverf8@loc.gov,2022-09-29,false
Rosanna,rshiltonf9@upenn.edu,2021-11-30,false
Engracia,elegricefa@amazon.co.jp,2022-06-15,true
Susy,spetrovicfb@lulu.com,2022-07-18,false
Ileana,ilafrentzfc@thetimes.co.uk,2022-06-03,false
Calida,cbushellfd@deviantart.com,2022-07-24,false
Henrieta,hcannavanfe@time.com,2022-08-19,true
Archy,aneateff@free.fr,2022-07-11,false
Henrie,hsouthardfg@theguardian.com,2021-11-17,true
Brandy,bemlinfh@gizmodo.com,2022-04-23,false
Rozanne,rallsworthfi@statcounter.com,2022-06-19,true
Burnaby,bbisgrovefj@csmonitor.com,2022-01-13,true
Lola,llafoyfk@addthis.com,2022-02-20,true
Phylis,pharmonfl@ibm.com,2022-05-09,true
Angel,apaolonefm@ftc.gov,2022-05-17,true
Koenraad,kledurfn@ed.gov,2022-06-07,false
Tull,tdutsonfo@uiuc.edu,2022-09-08,false
Brennan,bhultbergfp@bloomberg.com,2022-09-10,true
Leta,lsheldrakefq@surveymonkey.com,2022-07-01,true
Valentino,vhaydonfr@angelfire.com,2022-10-23,true
Humberto,hbreederfs@slashdot.org,2022-05-04,true
Stanleigh,sturnbullft@fc2.com,2022-08-21,true
Jo-ann,jbritcherfu@psu.edu,2022-06-27,false
Timothy,tnoycefv@hexun.com,2022-02-23,false
Joellyn,jalexisfw@craigslist.org,2022-04-02,false
Albie,aandersenfx@google.co.uk,2022-01-13,true
Leonid,lclercfy@aboutads.info,2022-06-28,false
Gannon,gbonnyfz@time.com,2021-12-01,false
Mohandas,mloacheg0@posterous.com,2022-07-07,false
Keriann,kcardg1@usgs.gov,2021-11-16,true
Christiana,cknyvettg2@deviantart.com,2022-04-14,true
Putnam,prushtong3@youtu.be,2022-01-04,false
Lidia,ldunabieg4@163.com,2021-12-07,false
Colly,cseneschalg5@domainmarket.com,2022-09-19,true
Orv,oblaaschg6@disqus.com,2022-03-22,true
Karon,kmissong7@cafepress.com,2022-09-01,false
Wrennie,wcarnihang8@joomla.org,2022-06-11,false
Alina,atindleg9@dropbox.com,2022-05-17,true
Ab,ajanjusevicga@mozilla.com,2022-03-11,false
Pearline,pcoltgb@businessinsider.com,2021-11-03,true
Tallou,tummfreygc@washingtonpost.com,2022-01-11,false
Barde,bcardinalgd@mail.ru,2022-01-08,false
Homer,hpoonge@forbes.com,2022-06-09,true
Janka,jpirazzigf@youtu.be,2022-03-08,false
Emanuel,ecornfootgg@weather.com,2022-02-22,false
Bryanty,bmallabundgh@baidu.com,2022-01-25,true
Nate,nanfreygi@squarespace.com,2022-01-05,true
Deedee,ddetocgj@wordpress.org,2022-06-23,true
Frasier,fabramsongk@walmart.com,2022-10-14,true
Upton,ubinninggl@twitter.com,2022-02-15,true
Yance,ytesoegm@newyorker.com,2022-09-10,true
Carley,cbartoszinskign@hubpages.com,2022-04-28,true
Alleyn,avassiego@imageshack.us,2022-09-13,true
Kristan,kstrettlegp@yellowpages.com,2022-08-29,true
Konstantine,knormavellgq@dailymotion.com,2022-07-19,true
Reynard,rgrishakingr@wufoo.com,2022-07-30,true
Judy,jswangs@shinystat.com,2022-09-04,true
Wainwright,wfinangt@fotki.com,2022-10-13,true
Twyla,tbeggiogu@wired.com,2022-05-14,true
Coreen,cfraygv@yandex.ru,2022-09-20,false
Ofilia,opigramgw@fastcompany.com,2022-08-18,true
Cindy,cdimeogx@devhub.com,2021-12-17,true
Marlee,mcockrangy@xrea.com,2022-01-12,false
Eddie,ehuskinsongz@jugem.jp,2022-03-03,false
Stanton,sbarrotth0@bloglovin.com,2022-05-01,true
Hakim,hannandh1@kickstarter.com,2022-03-16,true
Donia,dmccullockh2@webs.com,2022-06-14,false
Kym,kgenckeh3@a8.net,2022-06-29,false
Melinde,mimlockh4@wordpress.org,2022-05-21,false
Alistair,asybryh5@vk.com,2022-06-25,false
Mata,mraithh6@nytimes.com,2021-11-10,false
Adele,ajakovijevich7@infoseek.co.jp,2022-08-09,false
Clarissa,coutramh8@deliciousdays.com,2022-02-05,true
Eal,ehansellh9@youtu.be,2022-02-23,true
Pauli,pgrenshielsha@symantec.com,2021-12-26,false
Inness,iwiltsherhb@nih.gov,2022-10-21,true
Marget,mmetzinghc@alexa.com,2022-04-24,false
Fedora,fmealhamhd@xinhuanet.com,2021-11-10,true
Rickie,rconstancehe@pcworld.com,2022-10-20,false
Minor,mcowpertwaithf@hhs.gov,2022-01-31,true
Normy,npossekhg@scribd.com,2021-12-18,false
Josias,jdriscollhh@nih.gov,2021-11-03,true
Ketti,khinemoorhi@livejournal.com,2022-08-12,false
Gert,glevishj@quantcast.com,2022-03-09,false
Lisha,lcarnalanhk@bandcamp.com,2022-05-16,false
Mallorie,mbolleyhl@aol.com,2021-12-31,false
Walther,wtrinbeyhm@exblog.jp,2022-05-30,false
Kimble,kfrearhn@bluehost.com,2022-06-12,true
Anjela,ajosselsohnho@google.com.br,2022-06-18,true
Siward,smurrhp@usnews.com,2022-08-10,false
Elfrida,edunnhq@umich.edu,2021-12-10,true
Kelley,kgierhardhr@cnbc.com,2021-12-25,false
Garv,gkemmehs@wikispaces.com,2022-03-24,true
Batholomew,bwareinght@cargocollective.com,2022-10-19,true
Zack,zbuckwellhu@nba.com,2022-04-07,false
Thorstein,tlotheringtonhv@constantcontact.com,2022-01-05,true
Edwin,eblackhallhw@discuz.net,2022-08-02,true
Kissie,kbuxyhx@msu.edu,2021-11-13,true
Babbie,brasorhy@nationalgeographic.com,2022-01-10,true
Thain,tchristophehz@opera.com,2022-07-29,false
Winthrop,werswelli0@histats.com,2021-11-15,false
Halie,hmcguirki1@trellian.com,2022-04-24,false
Ammamaria,avonderempteni2@jigsy.com,2021-11-06,false
Brit,beshelbyi3@amazon.co.jp,2022-01-04,true
Saudra,szapateri4@geocities.jp,2022-02-14,false
Maia,mkingsleyi5@free.fr,2021-12-29,false
Raffaello,rmcelanei6@salon.com,2022-10-01,false
Dahlia,dsemori7@google.pl,2022-01-04,true
Angie,apurchasei8@nationalgeographic.com,2022-01-17,true
Roseanna,rruosi9@sina.com.cn,2022-05-25,false
Riki,rclemenzaia@bizjournals.com,2022-08-20,false
Gizela,gsteblesib@g.co,2022-04-12,true
Richmond,randrolliic@vimeo.com,2022-02-20,true
Holly,hmynottid@bbb.org,2022-04-18,false
Tate,tsaunterie@reference.com,2022-01-17,true
Clerissa,chapgoodif@pagesperso-orange.fr,2022-07-20,false
Trenna,tyeendig@barnesandnoble.com,2022-01-06,false
Keriann,ktreneerih@hp.com,2022-07-21,true
Marieann,msteablerii@netlog.com,2021-11-11,true
Rosemary,rbebisij@xinhuanet.com,2022-06-07,false
Anya,amassingberdik@is.gd,2022-07-29,true
Dewie,demanueliil@omniture.com,2022-10-17,false
Tobye,tniceim@biglobe.ne.jp,2022-09-20,true
Saul,ssnawdenin@prnewswire.com,2021-12-23,false
Vere,vohanleyio@jimdo.com,2022-10-21,true
Binni,bklicheip@flickr.com,2022-06-07,true
Bernadette,bkingtoniq@opensource.org,2022-10-18,true
Robbie,rgromleyir@apple.com,2022-05-12,true
Josy,jrivenzonis@about.me,2022-04-19,true
Latashia,ljancarit@mashable.com,2021-11-08,false
Celka,cbehriu@newyorker.com,2022-07-13,true
Jacinda,jelphickiv@thetimes.co.uk,2022-02-19,true
Rosanne,rblackwoodiw@wikipedia.org,2022-09-23,true
Ogdon,othorix@hubpages.com,2021-11-04,false
Stefano,sharesigniy@patch.com,2021-10-24,false
Jerald,jdolleiz@furl.net,2022-06-19,false
Mychal,mulyetj0@reddit.com,2022-08-18,false
Lynde,lmcgillicuddyj1@friendfeed.com,2022-02-02,false
Sergei,somaraj2@sun.com,2021-10-30,true
Boycey,bherreroj3@purevolume.com,2021-12-14,false
Merle,mparkesonj4@typepad.com,2022-04-03,false
Lexi,lclissj5@cyberchimps.com,2022-02-26,false
Donny,dcrunkhurnj6@51.la,2022-02-28,true
Flem,fsphinxej7@businesswire.com,2022-03-09,false
Edmon,ebrundalej8@networksolutions.com,2022-09-27,true
Charlena,cmesserj9@utexas.edu,2022-08-23,true
Reuven,rlatchmoreja@ucoz.ru,2022-02-04,true
Gery,ggiberdjb@ocn.ne.jp,2021-12-22,false
Goober,gfeenanjc@nationalgeographic.com,2022-05-06,false
Leonhard,lmudiejd@jiathis.com,2021-10-29,true
Glenn,gthunnercliffeje@ucla.edu,2021-10-28,false
Jeniece,jriggertjf@cnbc.com,2021-12-15,false
Valenka,vjorijg@phpbb.com,2022-04-01,true
Shellysheldon,smacveanjh@jiathis.com,2022-09-24,true
Cindra,cscroggsji@livejournal.com,2022-04-09,false
Deana,dfonteljj@intel.com,2022-10-06,true
Dan,dkettonjk@biblegateway.com,2021-12-27,false
Dell,dwhitbyjl@forbes.com,2022-06-28,true
Willey,wbuckneyjm@msn.com,2022-08-22,false
Alena,acorwinjn@answers.com,2022-04-07,false
Arnaldo,adennisonjo@webmd.com,2022-09-03,true
Remington,roverpooljp@ebay.co.uk,2022-06-23,true
Marillin,mbalmadierjq@about.com,2022-08-22,false
Jeramey,jpollakjr@vkontakte.ru,2022-09-13,false
Freddy,fmckiniejs@mashable.com,2022-06-23,true
Leonidas,lcucksonjt@abc.net.au,2022-07-21,true
Hussein,hbeeresju@networkadvertising.org,2021-12-22,true
Myrvyn,mbrumfittjv@1688.com,2022-07-19,false
Katheryn,kjorczykjw@comcast.net,2022-06-12,false
Ring,rantonuttijx@answers.com,2022-01-20,false
Hammad,hmidghalljy@scribd.com,2022-02-25,false
Nap,nkochsjz@archive.org,2022-06-14,false
Saul,shupek0@facebook.com,2022-04-09,false
Sam,svonwelldunk1@hugedomains.com,2022-09-29,false
Mellisa,mvolontek2@indiegogo.com,2022-10-19,false
Angelle,atheoboldk3@examiner.com,2022-04-09,false
Morgen,mshackesbyk4@1688.com,2021-10-26,true
Lori,lpunchk5@ftc.gov,2021-10-26,true
Lorrie,lmiddiffk6@msn.com,2022-02-25,false
Latrina,lgossonk7@symantec.com,2021-11-19,false
Glen,gdregank8@bravesites.com,2021-12-23,false
Lurline,lhughlockk9@uol.com.br,2022-05-13,false
Mack,msillyka@parallels.com,2021-12-16,false
Inesita,ipontefractkb@gmpg.org,2022-09-19,true
Gratia,gcornuaukc@newsvine.com,2022-06-01,false
Hope,hpoplandkd@homestead.com,2022-04-12,true
Herschel,hcanbyke@wiley.com,2021-11-01,true
Michele,mlucuskf@paypal.com,2022-07-07,false
Margette,mcowlamkg@so-net.ne.jp,2021-11-11,true
Maxy,msimmskh@tuttocitta.it,2022-05-31,false
Laughton,lcolvineki@sfgate.com,2022-03-15,true
Giulio,growlingskj@dion.ne.jp,2022-07-19,true
Hillery,hnolankk@w3.org,2022-04-04,true
Mohammed,mwiffieldkl@marriott.com,2022-02-14,true
Anabella,aholdallkm@ft.com,2022-10-14,true
Samuele,smartekn@cbsnews.com,2022-07-12,true
Bennett,bdevilko@google.co.uk,2022-03-23,false
Annabal,abelverstonekp@g.co,2021-11-25,false
Elwira,evicarykq@tripod.com,2022-10-21,true
Arty,abricknellkr@stanford.edu,2022-06-20,false
Kaleb,kcreusks@acquirethisname.com,2022-09-09,false
Susy,skassmankt@bbc.co.uk,2022-07-02,true
Charline,csandelsku@google.co.jp,2022-09-04,true
Susanne,schantillonkv@hugedomains.com,2022-05-30,true
Sharyl,sdoellekw@google.cn,2021-12-19,false
Diane-marie,dumneykx@1und1.de,2021-11-29,true
Georgeanna,gdanksky@godaddy.com,2022-03-12,false
Marika,mgarykz@dyndns.org,2022-08-28,true
Stephanie,sgoathropl0@deviantart.com,2022-02-03,false
Angel,afranzettoinil1@privacy.gov.au,2021-12-15,true
Bettine,bemsdenl2@tripadvisor.com,2022-09-13,true
Susi,sudenl3@virginia.edu,2022-07-09,true
Peder,pcapellel4@sun.com,2022-03-08,false
Consolata,cgriml5@i2i.jp,2022-05-13,true
Haze,hdarcyl6@loc.gov,2021-11-13,true
Ole,osandilandsl7@tinyurl.com,2021-12-28,true
Alaster,abengall8@istockphoto.com,2021-12-30,false
Trisha,tferrettil9@networkadvertising.org,2021-11-02,true
Lesley,lginityla@exblog.jp,2022-06-18,false
Cristiano,ctomasicchiolb@zdnet.com,2022-07-24,true
Anthe,amockeslc@umn.edu,2021-11-27,false
Eddi,egawnld@desdev.cn,2022-04-11,false
Meredith,mmccuishle@aol.com,2022-01-19,false
Irwinn,ivosperlf@qq.com,2022-05-09,false
Daphne,dbartoszewskilg@barnesandnoble.com,2022-10-22,true
Lanny,llimprechtlh@marketwatch.com,2022-05-29,true
Theadora,tclissoldli@bbb.org,2022-05-13,true
Charmion,cmcavinlj@arizona.edu,2022-03-13,true
Madelene,mbogielk@seesaa.net,2022-09-25,false
Allyce,aseinell@hibu.com,2022-07-09,false
Ernie,eapplebylm@prlog.org,2022-05-25,false
Joana,jtweedieln@amazon.co.jp,2022-02-05,true
Karoly,kobernlo@apache.org,2022-05-06,true
Clayborne,carmourlp@weibo.com,2022-03-27,false
Reta,rtoombeslq@fda.gov,2022-03-06,true
Gianina,gtimckelr@mediafire.com,2022-04-04,true
Arlyne,awieldls@quantcast.com,2022-04-05,false
Humphrey,hgideonlt@behance.net,2022-07-17,true
Willa,wpascheklu@arizona.edu,2022-09-24,true
Georgie,gsinnettlv@youku.com,2022-02-21,false
Nancee,nskimlw@de.vu,2022-06-12,true
Keir,kfrangellolx@last.fm,2022-09-30,false
Rocky,rvaseninly@prweb.com,2022-07-10,true
Alphonso,aokenfoldlz@wp.com,2022-07-12,false
Gabriella,gpfeiferm0@bloglovin.com,2022-02-06,false
Ferguson,foatsm1@uol.com.br,2022-01-18,true
Rachelle,rkirganm2@addtoany.com,2022-02-03,true
Moll,mfindonm3@independent.co.uk,2022-05-26,true
Deanna,dtivolierm4@cpanel.net,2022-05-20,true
Mannie,mlaughlinm5@rambler.ru,2022-03-02,true
Dorry,darrowm6@blinklist.com,2022-08-05,false
Christyna,ccanterm7@trellian.com,2021-11-03,true
Fee,fdrexelm8@bandcamp.com,2022-01-18,false
Nero,nvickressm9@narod.ru,2022-01-11,true
Arri,alamplughma@go.com,2022-02-14,true
Cyndy,cbutertonmb@domainmarket.com,2022-04-25,false
Tiffie,tcoveneymc@wsj.com,2022-08-23,false
Livy,ldeetlofmd@rakuten.co.jp,2022-09-01,false
Livia,lbeckettme@businessinsider.com,2022-09-11,true
Wright,wkeeblemf@gizmodo.com,2022-08-12,false
Queenie,qmaccardmg@com.com,2022-06-29,true
Kelbee,khullotmh@wiley.com,2022-09-19,false
Zara,zbristomi@surveymonkey.com,2021-10-29,false
Linnie,lshervillemj@wix.com,2022-03-22,false
Joice,jmacskeaganmk@adobe.com,2022-05-02,true
Frieda,frodriguezml@github.com,2022-08-22,false
Trevor,tkenwortheymm@nbcnews.com,2022-09-13,true
Wat,wjellismn@naver.com,2022-02-08,true
Stanislaus,sgisbeymo@canalblog.com,2022-02-07,false
Quincy,qlismp@skyrock.com,2021-10-26,false
Lothaire,lguestmq@disqus.com,2022-07-08,true
Kenton,ktweedmr@businessweek.com,2022-06-20,true
Pattie,pcamoisms@latimes.com,2022-10-11,true
Milly,marchibouldmt@sfgate.com,2022-05-08,true
Quill,qpeaseymu@archive.org,2022-10-10,false
Shelton,semlynmv@t.co,2022-04-17,false
Eduard,ebrigmanmw@shareasale.com,2022-05-26,true
Gail,ghartzogsmx@scientificamerican.com,2022-03-16,false
Bat,brivallandmy@1und1.de,2022-05-13,false
Phebe,pgittusmz@friendfeed.com,2022-05-20,true
Anna,acavillan0@flavors.me,2021-12-23,true
Eberhard,eyaxleyn1@is.gd,2022-03-31,true
Emalia,elomenn2@pcworld.com,2022-07-27,false
Erick,eeustesn3@booking.com,2021-12-07,true
Elijah,egormann4@dot.gov,2022-08-19,false
Tiphany,tgoven5@shop-pro.jp,2022-06-10,true
Bartholomew,bhextern6@slashdot.org,2022-01-15,true
Jane,jannisn7@themeforest.net,2022-09-16,true
Dulcea,desbergern8@hatena.ne.jp,2022-08-16,false
Ingemar,isilbersakn9@ucoz.com,2021-12-07,false
Brander,bschiesterlna@youku.com,2021-11-08,true
Oralle,ocrossthwaitenb@reddit.com,2022-05-12,true
Kenn,kbrendnc@macromedia.com,2022-04-21,true
Dorise,dblincownd@purevolume.com,2022-02-17,true
Nester,nleggesne@studiopress.com,2022-07-22,true
Iver,ibellernf@alexa.com,2022-01-31,true
Claretta,clovedayng@ucoz.ru,2022-08-02,false
Lorri,larnaudonnh@ocn.ne.jp,2022-08-14,false
Tristan,tgrewerni@joomla.org,2022-03-17,true
Sofia,soaksnj@redcross.org,2022-03-26,false
Reid,rlivseynk@deliciousdays.com,2022-01-18,true
Clovis,cfontellesnl@webeden.co.uk,2022-07-06,true
Sally,sprestnm@cafepress.com,2022-01-22,false
Ingram,isyphasnn@ezinearticles.com,2022-03-27,true
Hagan,htidballno@usgs.gov,2022-05-10,true
Gaspar,gbaybuttnp@google.it,2022-09-27,false
Nevile,nwalerannq@jugem.jp,2022-03-10,false
Edan,eburkertnr@aol.com,2022-02-09,true
Kandace,kshelveyns@shop-pro.jp,2022-05-18,false
Mayor,mmcavinnt@ed.gov,2022-09-16,false
Trevor,tlaurentinonu@jugem.jp,2022-04-18,false
Minna,mwicksnv@admin.ch,2021-12-14,true
Merridie,marmalnw@jimdo.com,2022-08-17,false
Gwenore,gtileynx@hubpages.com,2021-12-08,true
Felicity,fbrakeny@google.pl,2022-06-26,false
Cybill,cfahrenbachnz@yellowpages.com,2021-11-22,false
Shannon,ssummersbyo0@cpanel.net,2022-05-10,true
Andy,aledwicho1@ft.com,2022-02-09,false
Garrick,gchamberlino2@wikimedia.org,2022-04-03,false
Christye,cforrestillo3@businesswire.com,2022-02-01,false
Ignacius,islocumo4@typepad.com,2022-10-10,true
Cyril,cdelagneso5@guardian.co.uk,2021-12-25,true
Brigham,bgwilto6@phpbb.com,2022-09-28,false
Philippe,pnesfieldo7@blogger.com,2022-02-23,false
Merola,mmatusovskyo8@i2i.jp,2021-11-07,true
Caryn,cbaggallayo9@furl.net,2022-07-29,true
Roberto,rrolfioa@patch.com,2022-08-02,false
Smitty,snorawayob@un.org,2022-04-02,false
Matthias,mwisemanoc@eepurl.com,2022-09-27,true
Sheba,sblaylockod@utexas.edu,2022-07-17,true
Mirella,mreicheltoe@webnode.com,2022-09-28,true
Aldo,amckenzieof@webnode.com,2022-09-27,false
Yehudit,ywieldog@sogou.com,2021-12-07,true
Hurleigh,herangeyoh@bing.com,2022-02-21,false
Terencio,tocallaghanoi@mozilla.org,2022-05-08,true
Gilda,gmalimoeoj@163.com,2022-04-28,false
Hayes,harpeok@google.com.au,2022-10-19,true
Raoul,rpimmol@goo.gl,2022-10-15,true
Foster,fstrettellom@cnn.com,2022-01-09,false
Kattie,klowranceon@ucoz.ru,2022-06-10,true
Ariel,awattersonoo@live.com,2022-04-08,false
Howey,hbarbischop@hibu.com,2021-11-03,true
Roddy,rkulloq@va.gov,2022-09-23,false
Gayla,ghammelor@printfriendly.com,2022-07-01,true
Lorinda,ldanilinos@qq.com,2022-08-27,false
Wolfgang,wleveneot@msu.edu,2022-07-14,true
Carmelle,codornanou@businesswire.com,2022-04-02,false
Tabor,tmcconigalov@mapquest.com,2022-10-03,true
Sloane,sstubbleyow@blinklist.com,2022-02-18,false
Anthea,abaldinottiox@hibu.com,2022-04-02,true
Lancelot,lmcilmorowoy@goo.ne.jp,2021-11-10,false
Ric,rsayoz@blog.com,2021-11-15,false
Cale,cnozzoliniip0@microsoft.com,2022-09-12,true
Frankie,fbesp1@taobao.com,2022-07-17,false
Theodora,thaddonp2@ed.gov,2022-08-13,false
Eduino,enorridgep3@redcross.org,2022-09-27,false
Randi,rmccuisp4@etsy.com,2022-06-15,false
Truman,tdabrowskip5@myspace.com,2021-12-13,true
Ephrem,eprodrickp6@china.com.cn,2022-10-20,false
Albertina,arewbottomp7@wikia.com,2022-05-17,true
Merl,mfludep8@usatoday.com,2022-10-17,false
Isidro,iownsworthp9@reuters.com,2021-10-30,true
Trudy,tbungeypa@accuweather.com,2022-03-25,false
Corbie,cfranceypb@loc.gov,2022-08-04,false
Phyllys,plawrancepc@storify.com,2022-03-03,true
Danielle,draddanpd@guardian.co.uk,2022-02-11,true
Eleanora,emacgheepe@dailymail.co.uk,2022-03-31,true
Fidel,fmacloughlinpf@dion.ne.jp,2022-06-10,false
Bernie,bwaldingpg@skype.com,2021-11-30,true
Abe,aalejoph@google.it,2022-05-05,false
Rolfe,rconduitpi@businessweek.com,2022-07-31,false
Verla,vreignardpj@washingtonpost.com,2022-03-20,false
Linus,lmeepk@fotki.com,2022-07-31,true
Pennie,pharnesspl@tiny.cc,2021-11-12,true
Ramona,rkuzmapm@dmoz.org,2021-11-09,false
Shanda,sdeportepn@time.com,2022-06-03,false
Hermine,hpuviapo@admin.ch,2022-08-05,false
Victor,vbeamanpp@surveymonkey.com,2022-02-19,false
Alexandr,arowanpq@virginia.edu,2022-09-04,true
Meryl,mbassanopr@mtv.com,2021-11-29,true
Anna-maria,amacririeps@bloglovin.com,2022-07-14,false
Ursala,utotterdillpt@umich.edu,2022-04-06,false
Monro,mgonninpu@mapquest.com,2022-08-21,true
Binni,blawdaypv@liveinternet.ru,2022-01-09,false
Paula,pschiesterlpw@mediafire.com,2022-01-12,true
Lorelle,ldelgardopx@naver.com,2022-04-22,true
Randy,rpierceypy@loc.gov,2022-07-30,true
Kaitlynn,knaisbypz@un.org,2022-07-18,false
Cathe,chorsefieldq0@salon.com,2022-03-26,false
Gianna,gnaullsq1@163.com,2022-01-15,true
Drucill,dcrellimq2@ask.com,2022-10-01,false
Jacinda,jloudonq3@macromedia.com,2022-03-14,false
Hendrik,hdrainsq4@aboutads.info,2022-07-08,false
Randie,rlongworthyq5@flavors.me,2022-01-03,false
Rosamund,rcostenq6@mit.edu,2022-04-02,false
Junie,jlitchfieldq7@businessweek.com,2022-07-21,true
Lyndell,lgaffonq8@salon.com,2021-12-19,true
Erhart,eblannq9@sciencedaily.com,2022-05-14,false
Lori,lmixhelqa@mayoclinic.com,2022-01-19,true
Stephanus,sgabbidonqb@wikia.com,2022-02-16,true
Anneliese,acollissonqc@etsy.com,2021-11-25,false
Maurizia,mhardcastleqd@rakuten.co.jp,2022-08-09,true
Martha,malesqe@symantec.com,2022-02-06,false
Tallulah,tpettettqf@ted.com,2022-07-27,true
Jerrilee,jsimeqg@washingtonpost.com,2021-12-02,false
Caye,cwarbyqh@accuweather.com,2022-05-24,false
Kirby,kbraggintonqi@infoseek.co.jp,2021-11-28,false
Dickie,dhoustonqj@xing.com,2022-07-14,true
Griffin,gmcdonaldqk@example.com,2022-07-24,true
Allistir,amcmurtyql@webeden.co.uk,2021-11-18,false
Brinn,bhannibalqm@so-net.ne.jp,2022-06-21,true
Wash,wtomaszewiczqn@github.com,2021-12-23,false
Marybelle,mdumelowqo@prnewswire.com,2022-05-07,false
Cyril,cprinettqp@trellian.com,2022-08-12,false
Gerald,ghartlandqq@amazonaws.com,2022-08-07,true
Alysia,adaversqr@a8.net,2022-05-12,false
Konstantine,kreaneyqs@angelfire.com,2022-01-27,true
Sauveur,sjigginsqt@examiner.com,2022-10-09,false
Norry,nfuttyqu@tiny.cc,2022-09-29,true
Regan,rgorghettoqv@va.gov,2022-07-06,true
Philis,pmerweqw@usnews.com,2022-02-10,true
Neila,ncogginsqx@japanpost.jp,2022-03-06,true
Robinia,rleekeqy@squidoo.com,2021-12-29,true
Hilary,htolmieqz@wikimedia.org,2022-09-04,false
Mar,mshirrellr0@nymag.com,2022-05-18,true
Marcos,mherreranr1@issuu.com,2021-11-02,false
Munroe,mtorricinar2@google.fr,2022-03-22,false
Almeria,atillyerr3@nih.gov,2022-04-16,false
Gaelan,gdonahor4@lulu.com,2022-06-23,true
Marietta,maspelr5@japanpost.jp,2021-11-22,false
Roshelle,rlassenr6@disqus.com,2021-12-30,true
Bernard,byukhinr7@bluehost.com,2022-10-07,false
Lishe,lwiersmar8@bbc.co.uk,2022-04-23,false
Stormi,sdomineyr9@howstuffworks.com,2022-04-24,true
Sharon,sbennionra@patch.com,2022-05-11,false
Roscoe,rgrouerrb@chicagotribune.com,2022-02-25,false
Emerson,edunkertonrc@google.fr,2022-05-21,true
Kriste,kgrittonrd@devhub.com,2022-05-28,false
Daphna,dburstowere@msu.edu,2021-12-14,true
Christa,cphayrerf@nbcnews.com,2022-03-18,true
Timothy,tleggisrg@wiley.com,2022-10-14,false
Shaina,sscraneyrh@xing.com,2022-09-28,false
Mommy,mstillwellri@webmd.com,2022-01-28,false
Jeanine,jklewirj@ycombinator.com,2022-02-01,false
Christi,cskeelrk@webmd.com,2022-03-19,true
Valina,vchatainrl@jalbum.net,2022-04-29,false
Rodney,rdominguesrm@purevolume.com,2022-05-05,true
Glynn,gmulcahyrn@smh.com.au,2022-10-03,false
Barron,bmaceurro@cisco.com,2022-04-19,false
Giustino,gcrillyrp@phpbb.com,2022-04-14,false
Willow,wcorlettrq@hostgator.com,2022-05-17,true
Zackariah,zmedwayrr@arstechnica.com,2022-05-18,false
